<?xml version="1.0" encoding="utf-8" ?>
<dwsync>
<file name="quotation.php" server="ftp.servicing-legendsan.com//" local="132604388548837534" remote="132604478400000000" Dst="0" />
<file name="invoice.php" server="ftp.servicing-legendsan.com//" local="132604390145229289" remote="132604480200000000" Dst="0" />
<file name="invoice.php" server="ftp.jcloud.my//dev.jsoftsolution.com.my/" local="132604733923807245" remote="132637129200000000" Dst="0" />
<file name="quotation.php" server="ftp.jcloud.my//dev.jsoftsolution.com.my/" local="132604388548837534" remote="132604481400000000" Dst="0" />
<file name="organizationUser.php" server="ftp.jcloud.my//dev.jsoftsolution.com.my/" local="132606085061935830" remote="132606174600000000" Dst="0" />
<file name="organizationUser.php" server="ftp.servicing-legendsan.com//" local="132606085061935830" remote="132606181200000000" Dst="0" />
<file name="invoicereport.php" server="ftp.servicing-legendsan.com//" local="132605872526128290" remote="132606061800000000" Dst="0" />
<file name="invoicereport.php" server="ftp.jcloud.my//dev.jsoftsolution.com.my/" local="132605872526128290" remote="132605965800000000" Dst="0" />
<file name="clientCompany.php" server="ftp.jcloud.my//dev.jsoftsolution.com.my/" local="132627676974933585" remote="132637128600000000" Dst="0" />
<file name="product.php" server="ftp.jcloud.my//dev.jsoftsolution.com.my/" local="132636992737363641" remote="132637132800000000" Dst="0" />
<file name="sentout.php" server="ftp.jcloud.my//dev.jsoftsolution.com.my/" local="132637014940290846" remote="132637128600000000" Dst="0" />
<file name="clientComplaint.php" server="ftp.jcloud.my//dev.jsoftsolution.com.my/" local="132637038189300204" remote="132637129200000000" Dst="0" />
<file name="job.php" server="ftp.jcloud.my//dev.jsoftsolution.com.my/" local="132637013587982152" remote="132637129200000000" Dst="0" />
<file name="productReport.php" server="ftp.jcloud.my//dev.jsoftsolution.com.my/" local="132636769580159559" remote="132637131000000000" Dst="0" />
<file name="organization.php" server="ftp.jcloud.my//dev.jsoftsolution.com.my/" local="132599678588000000" remote="132637132200000000" Dst="0" />
</dwsync>